--
-- PostgreSQL database dump
--

-- Dumped from database version 9.6.5
-- Dumped by pg_dump version 9.6.5

SET statement_timeout = 0;
SET lock_timeout = 0;
SET idle_in_transaction_session_timeout = 0;
SET client_encoding = 'UTF8';
SET standard_conforming_strings = on;
SET check_function_bodies = false;
SET client_min_messages = warning;
SET row_security = off;

--
-- Name: plpgsql; Type: EXTENSION; Schema: -; Owner: 
--

CREATE EXTENSION IF NOT EXISTS plpgsql WITH SCHEMA pg_catalog;


--
-- Name: EXTENSION plpgsql; Type: COMMENT; Schema: -; Owner: 
--

COMMENT ON EXTENSION plpgsql IS 'PL/pgSQL procedural language';


SET search_path = public, pg_catalog;

SET default_tablespace = '';

SET default_with_oids = false;

--
-- Name: damage_record; Type: TABLE; Schema: public; Owner: stuart
--

CREATE TABLE damage_record (
    id integer NOT NULL,
    machine_id integer NOT NULL,
    date date NOT NULL,
    damage integer NOT NULL
);


ALTER TABLE damage_record OWNER TO stuart;

--
-- Name: damage_record_id_seq; Type: SEQUENCE; Schema: public; Owner: stuart
--

CREATE SEQUENCE damage_record_id_seq
    START WITH 1
    INCREMENT BY 1
    NO MINVALUE
    NO MAXVALUE
    CACHE 1;


ALTER TABLE damage_record_id_seq OWNER TO stuart;

--
-- Name: damage_record_id_seq; Type: SEQUENCE OWNED BY; Schema: public; Owner: stuart
--

ALTER SEQUENCE damage_record_id_seq OWNED BY damage_record.id;


--
-- Name: machine_record; Type: TABLE; Schema: public; Owner: stuart
--

CREATE TABLE machine_record (
    id integer NOT NULL,
    name character varying NOT NULL
);


ALTER TABLE machine_record OWNER TO stuart;

--
-- Name: maintenance_record; Type: TABLE; Schema: public; Owner: stuart
--

CREATE TABLE maintenance_record (
    id integer NOT NULL,
    machine_id integer NOT NULL,
    date date NOT NULL,
    repair integer NOT NULL,
    mechanic character varying NOT NULL
);


ALTER TABLE maintenance_record OWNER TO stuart;

--
-- Name: maintenance_record_id_seq; Type: SEQUENCE; Schema: public; Owner: stuart
--

CREATE SEQUENCE maintenance_record_id_seq
    START WITH 1
    INCREMENT BY 1
    NO MINVALUE
    NO MAXVALUE
    CACHE 1;


ALTER TABLE maintenance_record_id_seq OWNER TO stuart;

--
-- Name: maintenance_record_id_seq; Type: SEQUENCE OWNED BY; Schema: public; Owner: stuart
--

ALTER SEQUENCE maintenance_record_id_seq OWNED BY maintenance_record.id;


--
-- Name: damage_record id; Type: DEFAULT; Schema: public; Owner: stuart
--

ALTER TABLE ONLY damage_record ALTER COLUMN id SET DEFAULT nextval('damage_record_id_seq'::regclass);


--
-- Name: maintenance_record id; Type: DEFAULT; Schema: public; Owner: stuart
--

ALTER TABLE ONLY maintenance_record ALTER COLUMN id SET DEFAULT nextval('maintenance_record_id_seq'::regclass);


--
-- Data for Name: damage_record; Type: TABLE DATA; Schema: public; Owner: stuart
--

COPY damage_record (id, machine_id, date, damage) FROM stdin;
1	1	2017-08-04	4
2	1	2017-08-17	4
3	1	2017-08-25	8
4	1	2017-08-30	8
5	1	2017-09-06	8
6	1	2017-09-25	3
7	1	2017-10-10	7
8	1	2017-10-28	6
9	1	2017-11-17	4
10	1	2017-11-20	4
11	1	2017-12-03	1
12	1	2017-12-22	6
13	1	2017-12-28	8
14	1	2018-01-16	1
15	1	2018-02-06	5
16	1	2018-02-15	9
17	1	2018-02-24	2
18	1	2018-03-09	6
19	1	2018-03-30	1
20	1	2018-04-02	0
21	1	2018-04-09	4
22	1	2018-05-07	5
23	1	2018-05-18	1
24	1	2018-06-08	9
25	1	2018-06-15	2
26	1	2018-07-02	6
27	1	2018-07-22	0
28	1	2018-08-11	0
29	1	2018-08-13	6
30	1	2018-08-28	7
31	1	2018-09-16	1
32	1	2018-09-19	3
33	1	2018-09-25	2
34	1	2018-09-28	2
35	1	2018-10-11	2
36	1	2018-10-14	7
37	1	2018-11-07	7
38	1	2018-11-24	9
39	1	2018-12-04	0
40	1	2018-12-22	2
41	1	2019-01-09	0
42	1	2019-01-17	4
43	1	2019-01-23	7
44	1	2019-01-26	2
45	1	2019-01-28	5
46	1	2019-01-31	6
47	1	2019-02-13	8
48	1	2019-03-12	2
49	2	2017-08-04	6
50	2	2017-08-20	0
51	2	2017-08-28	9
52	2	2017-09-16	1
53	2	2017-10-06	1
54	2	2017-10-24	7
55	2	2017-10-29	6
56	2	2017-11-08	0
57	2	2017-11-20	7
58	2	2017-12-05	8
59	2	2017-12-08	0
60	2	2017-12-13	9
61	2	2017-12-23	4
62	2	2018-01-12	5
63	2	2018-01-24	3
64	2	2018-01-29	6
65	2	2018-02-07	7
66	2	2018-03-12	7
67	2	2018-03-28	3
68	2	2018-04-03	9
69	2	2018-04-08	8
70	2	2018-04-15	5
71	2	2018-04-23	8
72	2	2018-05-12	0
73	2	2018-05-18	9
74	2	2018-05-21	7
75	2	2018-06-06	1
76	2	2018-06-13	7
77	2	2018-07-04	0
78	2	2018-07-22	8
79	2	2018-08-07	2
80	2	2018-08-23	8
81	2	2018-09-22	9
82	2	2018-09-28	4
83	2	2018-10-19	4
84	2	2018-11-07	2
85	2	2018-11-09	5
86	2	2018-11-12	7
87	2	2018-11-16	8
88	2	2018-12-07	0
89	2	2018-12-19	9
90	2	2019-01-09	9
91	2	2019-01-22	0
92	2	2019-02-06	0
93	2	2019-02-20	8
94	2	2019-03-12	9
95	2	2019-03-23	2
96	3	2017-08-04	0
97	3	2017-08-16	6
98	3	2017-08-21	1
99	3	2017-08-24	9
100	3	2017-08-30	3
101	3	2017-09-15	0
102	3	2017-09-22	5
103	3	2017-10-06	9
104	3	2017-10-16	8
105	3	2017-10-30	3
106	3	2017-11-01	0
107	3	2017-11-09	5
108	3	2017-11-16	8
109	3	2017-11-24	9
110	3	2017-11-28	3
111	3	2017-12-18	8
112	3	2018-01-10	7
113	3	2018-01-24	6
114	3	2018-02-02	9
115	3	2018-02-17	1
116	3	2018-03-09	6
117	3	2018-03-29	9
118	3	2018-04-09	7
119	3	2018-04-25	0
120	3	2018-05-13	9
121	3	2018-05-15	7
122	3	2018-05-31	4
123	3	2018-06-19	2
124	3	2018-07-06	9
125	3	2018-07-15	4
126	3	2018-07-19	0
127	3	2018-07-26	4
128	3	2018-08-07	5
129	3	2018-09-06	7
130	3	2018-09-13	9
131	3	2018-10-04	9
132	3	2018-10-08	2
133	3	2018-10-25	9
134	3	2018-11-04	8
135	3	2018-11-25	3
136	3	2018-12-08	1
137	3	2018-12-21	8
138	3	2019-01-02	3
139	3	2019-01-08	0
140	3	2019-01-19	0
141	3	2019-01-24	3
142	3	2019-01-30	5
143	3	2019-02-03	5
144	3	2019-02-08	1
145	3	2019-02-14	2
146	3	2019-03-19	7
147	4	2017-08-04	8
148	4	2017-08-12	3
149	4	2017-08-22	1
150	4	2017-09-12	1
151	4	2017-09-14	1
152	4	2017-10-04	2
153	4	2017-10-19	6
154	4	2017-11-03	1
155	4	2017-11-10	9
156	4	2017-11-23	8
157	4	2017-12-07	6
158	4	2017-12-20	3
159	4	2018-01-07	5
160	4	2018-01-25	7
161	4	2018-02-19	6
162	4	2018-02-23	4
163	4	2018-03-05	0
164	4	2018-03-19	0
165	4	2018-03-25	6
166	4	2018-04-11	0
167	4	2018-04-29	8
168	4	2018-05-07	3
169	4	2018-05-09	4
170	4	2018-05-31	2
171	4	2018-06-07	7
172	4	2018-06-10	7
173	4	2018-06-23	1
174	4	2018-07-07	0
175	4	2018-07-19	9
176	4	2018-08-02	3
177	4	2018-08-05	6
178	4	2018-08-26	7
179	4	2018-09-06	2
180	4	2018-09-19	1
181	4	2018-10-01	3
182	4	2018-10-20	2
183	4	2018-11-07	2
184	4	2018-11-17	5
185	4	2018-11-25	8
186	4	2018-12-10	7
187	4	2019-01-06	6
188	4	2019-01-13	1
189	4	2019-01-21	6
190	4	2019-02-08	2
191	4	2019-02-28	2
192	4	2019-03-05	4
193	4	2019-03-18	2
194	4	2019-03-23	9
195	5	2017-08-04	9
196	5	2017-08-23	5
197	5	2017-09-06	3
198	5	2017-09-10	0
199	5	2017-09-30	5
200	5	2017-10-15	1
201	5	2017-10-20	2
202	5	2017-11-05	0
203	5	2017-11-18	5
204	5	2017-11-20	8
205	5	2017-11-26	5
206	5	2017-12-02	8
207	5	2017-12-26	5
208	5	2018-01-08	8
209	5	2018-01-28	9
210	5	2018-02-06	2
211	5	2018-02-16	3
212	5	2018-03-01	7
213	5	2018-03-17	5
214	5	2018-03-26	5
215	5	2018-04-07	4
216	5	2018-05-08	1
217	5	2018-05-19	9
218	5	2018-05-27	6
219	5	2018-06-07	1
220	5	2018-06-21	1
221	5	2018-06-29	5
222	5	2018-07-05	6
223	5	2018-07-15	0
224	5	2018-07-21	9
225	5	2018-08-01	9
226	5	2018-08-31	1
227	5	2018-09-03	7
228	5	2018-09-10	0
229	5	2018-09-28	1
230	5	2018-09-30	9
231	5	2018-10-15	8
232	5	2018-10-22	4
233	5	2018-11-01	6
234	5	2018-11-11	7
235	5	2018-11-17	5
236	5	2018-11-26	8
237	5	2018-12-12	8
238	5	2018-12-23	1
239	5	2018-12-30	5
240	5	2019-01-13	5
241	5	2019-01-31	1
242	5	2019-02-03	6
243	5	2019-02-06	6
244	5	2019-02-15	3
245	5	2019-02-21	7
246	5	2019-03-13	7
247	5	2019-03-19	8
248	5	2019-03-23	9
249	5	2019-03-27	5
250	6	2017-08-04	3
251	6	2017-08-22	9
252	6	2017-09-07	2
253	6	2017-09-13	8
254	6	2017-09-21	5
255	6	2017-10-11	5
256	6	2017-10-26	0
257	6	2017-10-31	1
258	6	2017-11-12	5
259	6	2017-11-20	0
260	6	2017-11-27	5
261	6	2017-12-09	0
262	6	2017-12-25	6
263	6	2017-12-28	0
264	6	2017-12-31	4
265	6	2018-01-13	5
266	6	2018-01-24	6
267	6	2018-02-04	1
268	6	2018-02-21	8
269	6	2018-03-14	1
270	6	2018-03-17	3
271	6	2018-03-29	0
272	6	2018-04-07	1
273	6	2018-04-24	3
274	6	2018-05-19	9
275	6	2018-05-27	4
276	6	2018-06-12	2
277	6	2018-06-25	9
278	6	2018-07-08	2
279	6	2018-07-11	1
280	6	2018-07-13	2
281	6	2018-07-23	6
282	6	2018-08-01	3
283	6	2018-08-09	4
284	6	2018-08-26	4
285	6	2018-08-29	2
286	6	2018-09-06	5
287	6	2018-09-10	8
288	6	2018-09-13	2
289	6	2018-09-25	1
290	6	2018-10-05	2
291	6	2018-10-08	8
292	6	2018-10-19	8
293	6	2018-11-20	7
294	6	2018-12-05	6
295	6	2018-12-26	2
296	6	2019-01-09	2
297	6	2019-01-26	6
298	6	2019-01-31	4
299	6	2019-02-09	6
300	6	2019-03-01	6
301	6	2019-03-14	2
302	6	2019-03-17	2
303	7	2017-08-04	6
304	7	2017-08-10	7
305	7	2017-08-28	5
306	7	2017-09-10	3
307	7	2017-09-23	9
308	7	2017-10-13	8
309	7	2017-11-02	6
310	7	2017-11-20	9
311	7	2017-11-24	5
312	7	2018-01-03	3
313	7	2018-01-19	9
314	7	2018-01-31	0
315	7	2018-02-11	4
316	7	2018-02-13	3
317	7	2018-03-04	0
318	7	2018-03-08	3
319	7	2018-03-22	5
320	7	2018-04-10	0
321	7	2018-05-01	0
322	7	2018-05-16	3
323	7	2018-05-26	9
324	7	2018-06-08	6
325	7	2018-06-25	9
326	7	2018-07-16	7
327	7	2018-08-01	2
328	7	2018-08-19	9
329	7	2018-09-01	3
330	7	2018-09-15	3
331	7	2018-10-06	7
332	7	2018-10-15	2
333	7	2018-10-22	5
334	7	2018-11-08	3
335	7	2018-11-12	2
336	7	2018-11-16	3
337	7	2018-11-19	3
338	7	2018-11-23	3
339	7	2018-12-13	1
340	7	2018-12-31	6
341	7	2019-01-18	6
342	7	2019-02-09	6
343	7	2019-02-18	0
344	7	2019-02-28	4
345	7	2019-03-05	9
346	7	2019-03-07	9
347	7	2019-03-27	5
348	8	2017-08-04	8
349	8	2017-08-25	8
350	8	2017-09-13	4
351	8	2017-09-23	3
352	8	2017-09-30	7
353	8	2017-10-11	9
354	8	2017-10-20	3
355	8	2017-11-07	0
356	8	2017-11-28	7
357	8	2017-12-19	1
358	8	2018-01-04	9
359	8	2018-02-12	6
360	8	2018-02-15	6
361	8	2018-02-20	4
362	8	2018-03-08	6
363	8	2018-03-10	6
364	8	2018-03-20	1
365	8	2018-04-10	5
366	8	2018-04-22	0
367	8	2018-05-08	7
368	8	2018-05-16	7
369	8	2018-05-20	9
370	8	2018-06-11	1
371	8	2018-07-01	1
372	8	2018-07-16	1
373	8	2018-07-27	1
374	8	2018-07-31	6
375	8	2018-08-08	4
376	8	2018-08-29	9
377	8	2018-09-07	7
378	8	2018-09-23	6
379	8	2018-10-12	3
380	8	2018-10-19	1
381	8	2018-11-06	4
382	8	2018-11-20	0
383	8	2018-12-11	8
384	8	2018-12-20	9
385	8	2019-01-14	7
386	8	2019-01-19	2
387	8	2019-02-07	3
388	8	2019-02-23	8
389	8	2019-03-06	3
390	8	2019-03-17	9
391	8	2019-03-22	5
392	9	2017-08-04	8
393	9	2017-08-24	2
394	9	2017-09-13	9
395	9	2017-09-26	7
396	9	2017-10-04	4
397	9	2017-10-18	5
398	9	2017-11-05	1
399	9	2017-11-07	0
400	9	2017-11-15	0
401	9	2017-12-03	5
402	9	2017-12-14	5
403	9	2017-12-17	1
404	9	2017-12-31	9
405	9	2018-01-09	3
406	9	2018-01-12	3
407	9	2018-02-07	3
408	9	2018-02-15	5
409	9	2018-03-02	9
410	9	2018-03-22	8
411	9	2018-04-01	2
412	9	2018-04-10	0
413	9	2018-04-25	9
414	9	2018-04-27	0
415	9	2018-05-16	7
416	9	2018-05-25	9
417	9	2018-05-31	0
418	9	2018-06-20	1
419	9	2018-06-24	9
420	9	2018-07-29	4
421	9	2018-08-19	2
422	9	2018-09-03	5
423	9	2018-09-15	3
424	9	2018-09-28	7
425	9	2018-10-04	4
426	9	2018-10-11	4
427	9	2018-10-21	9
428	9	2018-11-11	8
429	9	2018-11-13	0
430	9	2018-12-02	0
431	9	2018-12-15	5
432	9	2018-12-27	4
433	9	2019-01-09	5
434	9	2019-01-28	0
435	9	2019-02-04	9
436	9	2019-02-24	7
437	9	2019-03-12	4
438	9	2019-03-20	8
439	9	2019-03-22	6
440	9	2019-03-25	7
441	10	2017-08-04	9
442	10	2017-08-13	3
443	10	2017-08-17	2
444	10	2017-09-03	9
445	10	2017-09-13	2
446	10	2017-09-25	8
447	10	2017-10-14	4
448	10	2017-11-01	7
449	10	2017-11-22	1
450	10	2017-11-29	5
451	10	2017-12-18	8
452	10	2018-01-15	5
453	10	2018-01-20	7
454	10	2018-02-01	9
455	10	2018-02-18	0
456	10	2018-03-01	2
457	10	2018-03-07	2
458	10	2018-03-10	2
459	10	2018-03-15	3
460	10	2018-03-19	1
461	10	2018-04-07	1
462	10	2018-04-13	4
463	10	2018-04-23	8
464	10	2018-04-25	6
465	10	2018-05-02	6
466	10	2018-05-21	4
467	10	2018-06-08	2
468	10	2018-06-25	3
469	10	2018-07-07	8
470	10	2018-07-27	5
471	10	2018-08-14	0
472	10	2018-08-30	0
473	10	2018-09-06	4
474	10	2018-09-09	9
475	10	2018-09-27	7
476	10	2018-10-12	2
477	10	2018-10-19	1
478	10	2018-11-06	5
479	10	2018-11-27	0
480	10	2018-12-16	8
481	10	2019-01-02	6
482	10	2019-01-06	5
483	10	2019-01-23	1
484	10	2019-01-29	2
485	10	2019-02-14	8
486	10	2019-02-27	7
487	10	2019-03-02	5
488	10	2019-03-04	8
489	10	2019-03-21	9
\.


--
-- Name: damage_record_id_seq; Type: SEQUENCE SET; Schema: public; Owner: stuart
--

SELECT pg_catalog.setval('damage_record_id_seq', 489, true);


--
-- Data for Name: machine_record; Type: TABLE DATA; Schema: public; Owner: stuart
--

COPY machine_record (id, name) FROM stdin;
1	Heavy Duty Sheet Metal Press
2	Light Sheet Metal Press
3	Bending Unit
4	Paint Station
5	Drill Press
6	CNC Lathe
7	Boring Machine
8	Milling Machine
9	Injection Moulding Station
10	Hydraulic Press
\.


--
-- Data for Name: maintenance_record; Type: TABLE DATA; Schema: public; Owner: stuart
--

COPY maintenance_record (id, machine_id, date, repair, mechanic) FROM stdin;
1	1	2017-11-06	48	Bob
2	1	2018-04-21	56	Bob
3	1	2018-10-31	48	Bob
4	1	2019-02-22	50	Alice
5	2	2018-02-19	79	Chuck
6	2	2018-09-04	82	Chuck
7	3	2017-10-11	42	Alice
8	3	2018-01-03	35	Chuck
9	3	2018-03-26	58	Bob
10	3	2018-08-27	41	Alice
11	3	2018-11-09	35	Chuck
12	3	2019-03-05	30	Bob
13	4	2017-11-19	32	Bob
14	4	2018-02-13	31	Alice
15	4	2018-05-16	43	Alice
16	4	2018-08-28	28	Bob
17	4	2018-12-26	40	Bob
18	5	2017-12-18	51	Chuck
19	5	2018-04-24	48	Chuck
20	5	2018-08-21	47	Chuck
21	5	2018-11-23	48	Chuck
22	5	2019-03-02	50	Chuck
23	6	2017-10-21	48	Chuck
24	6	2018-04-29	40	Chuck
25	6	2018-08-14	42	Chuck
26	6	2018-11-04	33	Bob
27	6	2019-02-19	33	Alice
28	7	2017-12-14	58	Bob
29	7	2018-07-24	61	Bob
30	7	2019-01-29	58	Alice
31	8	2018-01-25	59	Alice
32	8	2018-05-29	57	Chuck
33	8	2019-01-09	61	Alice
34	9	2018-02-02	62	Chuck
35	9	2018-07-15	62	Bob
36	9	2019-01-14	60	Chuck
37	10	2018-01-07	58	Alice
38	10	2018-05-07	56	Bob
39	10	2018-12-28	58	Chuck
\.


--
-- Name: maintenance_record_id_seq; Type: SEQUENCE SET; Schema: public; Owner: stuart
--

SELECT pg_catalog.setval('maintenance_record_id_seq', 39, true);


--
-- Name: damage_record damage_record_pkey; Type: CONSTRAINT; Schema: public; Owner: stuart
--

ALTER TABLE ONLY damage_record
    ADD CONSTRAINT damage_record_pkey PRIMARY KEY (id);


--
-- Name: machine_record machine_record_pkey; Type: CONSTRAINT; Schema: public; Owner: stuart
--

ALTER TABLE ONLY machine_record
    ADD CONSTRAINT machine_record_pkey PRIMARY KEY (id);


--
-- Name: maintenance_record maintenance_record_pkey; Type: CONSTRAINT; Schema: public; Owner: stuart
--

ALTER TABLE ONLY maintenance_record
    ADD CONSTRAINT maintenance_record_pkey PRIMARY KEY (id);


--
-- Name: damage_record damage_record_machine_id_fkey; Type: FK CONSTRAINT; Schema: public; Owner: stuart
--

ALTER TABLE ONLY damage_record
    ADD CONSTRAINT damage_record_machine_id_fkey FOREIGN KEY (machine_id) REFERENCES machine_record(id);


--
-- Name: maintenance_record maintenance_record_machine_id_fkey; Type: FK CONSTRAINT; Schema: public; Owner: stuart
--

ALTER TABLE ONLY maintenance_record
    ADD CONSTRAINT maintenance_record_machine_id_fkey FOREIGN KEY (machine_id) REFERENCES machine_record(id);


--
-- PostgreSQL database dump complete
--

